precision,recall,accuracy,AP,AUC,CLL,HRcora_new_semi_ind_1

cora_new_semi_ind
0.6724137931034483,0.6995515695067265,0.718562874251497,0.8290036354316638,0.755541702695275,-0.6410462,0.9813432835820896
ACM_new_semi_ind
0.5591939546599496,0.8110647181628392,0.598643006263048,0.7370862740430146,0.6661513744274128,-0.79891557,0.8435462842242504
IMDB_new_semi_ind
0.5715073529411765,0.9932907348242811,0.6226837060702876,0.8513059047264797,0.8553895109677553,-0.71843415,0.902555910543131
citeseer_new_semi_ind
0.6988543371522095,0.5460358056265985,0.6508951406649617,0.7482192631767219,0.626519973050935,-0.69584525,0.9744408945686901
